anggaran_id,tahun,sumber_dana,komponen,pagu,realisasi,triwulan,ingested_at
ANG8089b375,2018,PNBP,Gaji,45821896671,23104768366,1,2026-05-17T15:02:44+07:00
ANGa84fa0b4,2018,PNBP,Operasional,24125123412,12659509903,1,2026-05-17T15:02:44+07:00
ANGca9a509a,2018,PNBP,Penelitian,26128270952,24428017051,1,2026-05-17T15:02:44+07:00
ANG2bcf7981,2018,PNBP,Investasi,38234974819,30480497631,1,2026-05-17T15:02:44+07:00
ANGe1c4421a,2018,PNBP,PkM,3206874778,2320957769,1,2026-05-17T15:02:44+07:00
ANGb4d22de6,2018,APBN,Gaji,14908640115,12160890097,1,2026-05-17T15:02:44+07:00
ANG8ba7bbc5,2018,APBN,Operasional,12478871029,9655321394,1,2026-05-17T15:02:44+07:00
ANG21e64adc,2018,APBN,Penelitian,14636068794,10380833056,1,2026-05-17T15:02:44+07:00
ANG7b75b3e5,2018,APBN,Investasi,8322501312,4920348081,1,2026-05-17T15:02:44+07:00
ANG92b52f02,2018,APBN,PkM,37624237416,29822938782,1,2026-05-17T15:02:44+07:00
ANGebc91695,2018,SBSN,Gaji,973555450,755274836,1,2026-05-17T15:02:44+07:00
ANGe0d53e73,2018,SBSN,Operasional,17194255960,12579185596,1,2026-05-17T15:02:44+07:00
ANG3bad78cd,2018,SBSN,Penelitian,46219311435,40752855572,1,2026-05-17T15:02:44+07:00
ANGbd68df7f,2018,SBSN,Investasi,22402807271,21264454279,1,2026-05-17T15:02:44+07:00
ANG4bc21899,2018,SBSN,PkM,24180317479,16244148926,1,2026-05-17T15:02:44+07:00
ANGcf37b443,2018,Hibah,Gaji,40920670550,29748718537,1,2026-05-17T15:02:44+07:00
ANG8af3912f,2018,Hibah,Operasional,11228892415,7898219503,1,2026-05-17T15:02:44+07:00
ANGabb29976,2018,Hibah,Penelitian,37948442849,15542503511,1,2026-05-17T15:02:44+07:00
ANGc8d71bc9,2018,Hibah,Investasi,25193251837,18872747061,1,2026-05-17T15:02:44+07:00
ANGa794f4cd,2018,Hibah,PkM,44329862290,23174562361,1,2026-05-17T15:02:44+07:00
ANG707ee79b,2018,PNBP,Gaji,13840987233,12414946225,2,2026-05-17T15:02:44+07:00
ANGde30d4e7,2018,PNBP,Operasional,10487636661,6332460624,2,2026-05-17T15:02:44+07:00
ANGd1693b79,2018,PNBP,Penelitian,48918270782,42695578697,2,2026-05-17T15:02:44+07:00
ANG3aa2b5f4,2018,PNBP,Investasi,48810834135,41011179273,2,2026-05-17T15:02:44+07:00
ANG8ed2fc68,2018,PNBP,PkM,33276685149,13950051710,2,2026-05-17T15:02:44+07:00
ANG131cd91d,2018,APBN,Gaji,4536485300,3983638355,2,2026-05-17T15:02:44+07:00
ANGeb860f72,2018,APBN,Operasional,27226805542,13499627470,2,2026-05-17T15:02:44+07:00
ANG90ee5d57,2018,APBN,Penelitian,46954841358,24288405554,2,2026-05-17T15:02:44+07:00
ANGb2de8d3d,2018,APBN,Investasi,24494164123,20936137191,2,2026-05-17T15:02:44+07:00
ANGf8641615,2018,APBN,PkM,23127251352,13876484961,2,2026-05-17T15:02:44+07:00
ANGa6c26bbb,2018,SBSN,Gaji,8686002163,7319802634,2,2026-05-17T15:02:44+07:00
ANG5a5624aa,2018,SBSN,Operasional,20093541439,11926072815,2,2026-05-17T15:02:44+07:00
ANG427be407,2018,SBSN,Penelitian,19643137318,7922840257,2,2026-05-17T15:02:44+07:00
ANGc4cc8e58,2018,SBSN,Investasi,23020169838,11203034670,2,2026-05-17T15:02:44+07:00
ANG1e58e8cf,2018,SBSN,PkM,2506864053,1260252446,2,2026-05-17T15:02:44+07:00
ANGe12ef834,2018,Hibah,Gaji,9914636698,5592147461,2,2026-05-17T15:02:44+07:00
ANG6c9c4519,2018,Hibah,Operasional,47584967723,36814389209,2,2026-05-17T15:02:44+07:00
ANG91f9262f,2018,Hibah,Penelitian,37461166405,35742400097,2,2026-05-17T15:02:44+07:00
ANG88f8a5dc,2018,Hibah,Investasi,35161664736,15753651966,2,2026-05-17T15:02:44+07:00
ANG3898ab7e,2018,Hibah,PkM,3575420412,2758186407,2,2026-05-17T15:02:44+07:00
ANG90ad0fce,2018,PNBP,Gaji,8699752880,5832423214,3,2026-05-17T15:02:44+07:00
ANG6ace256e,2018,PNBP,Operasional,36678130618,16568026112,3,2026-05-17T15:02:44+07:00
ANG592610d0,2018,PNBP,Penelitian,7861518459,3786482583,3,2026-05-17T15:02:44+07:00
ANGf762cc4a,2018,PNBP,Investasi,24668306006,16203915954,3,2026-05-17T15:02:44+07:00
ANG9e3a370f,2018,PNBP,PkM,27185478632,20317402295,3,2026-05-17T15:02:44+07:00
ANGad7fafab,2018,APBN,Gaji,22529438782,19651850991,3,2026-05-17T15:02:44+07:00
ANG4409f704,2018,APBN,Operasional,10055712119,8182642257,3,2026-05-17T15:02:44+07:00
ANG5ac60ac3,2018,APBN,Penelitian,3303238081,1402167643,3,2026-05-17T15:02:44+07:00
ANGe8e54859,2018,APBN,Investasi,10690934352,4390245559,3,2026-05-17T15:02:44+07:00
ANG47d4a6b7,2018,APBN,PkM,28596992264,16690282547,3,2026-05-17T15:02:44+07:00
ANG26b9d768,2018,SBSN,Gaji,36375743458,21645061757,3,2026-05-17T15:02:44+07:00
ANG78b7a1e4,2018,SBSN,Operasional,27185952802,11882519614,3,2026-05-17T15:02:44+07:00
ANG57aa732b,2018,SBSN,Penelitian,21365752648,20814755184,3,2026-05-17T15:02:44+07:00
ANG1aba9571,2018,SBSN,Investasi,44014337733,26571815446,3,2026-05-17T15:02:44+07:00
ANG84a499f1,2018,SBSN,PkM,16439431299,7838908297,3,2026-05-17T15:02:44+07:00
ANG0e4f80ec,2018,Hibah,Gaji,30932038779,25623522435,3,2026-05-17T15:02:44+07:00
ANG2e02dfff,2018,Hibah,Operasional,22082883211,10590953276,3,2026-05-17T15:02:44+07:00
ANG72ad5304,2018,Hibah,Penelitian,16829575168,7660218433,3,2026-05-17T15:02:44+07:00
ANG1bce0857,2018,Hibah,Investasi,44605435736,21203081328,3,2026-05-17T15:02:44+07:00
ANG74687afb,2018,Hibah,PkM,16969620554,15024373214,3,2026-05-17T15:02:44+07:00
ANG49d8f6bb,2018,PNBP,Gaji,46121599986,29113210535,4,2026-05-17T15:02:44+07:00
ANG3235cb27,2018,PNBP,Operasional,41754245545,24550512972,4,2026-05-17T15:02:44+07:00
ANGfe4becc3,2018,PNBP,Penelitian,4937724619,3641478607,4,2026-05-17T15:02:44+07:00
ANG27e88a46,2018,PNBP,Investasi,46664693987,21368555107,4,2026-05-17T15:02:44+07:00
ANG029f1d59,2018,PNBP,PkM,32697151086,30791483539,4,2026-05-17T15:02:44+07:00
ANGb77b0bff,2018,APBN,Gaji,33874476412,17814109594,4,2026-05-17T15:02:44+07:00
ANGd5f7a784,2018,APBN,Operasional,32912978458,30062557673,4,2026-05-17T15:02:44+07:00
ANG1eed8280,2018,APBN,Penelitian,17049879391,12913146238,4,2026-05-17T15:02:44+07:00
ANGf3f13576,2018,APBN,Investasi,46709524382,37025570224,4,2026-05-17T15:02:44+07:00
ANGe43dd590,2018,APBN,PkM,25683101465,12862232854,4,2026-05-17T15:02:44+07:00
ANGf4527b13,2018,SBSN,Gaji,46833128138,26475073545,4,2026-05-17T15:02:44+07:00
ANG67d3532a,2018,SBSN,Operasional,14852335219,7564758889,4,2026-05-17T15:02:44+07:00
ANG04fa7ffe,2018,SBSN,Penelitian,48357607322,22464313731,4,2026-05-17T15:02:44+07:00
ANG5c51c3fc,2018,SBSN,Investasi,21728577439,12007445906,4,2026-05-17T15:02:44+07:00
ANG5eda01de,2018,SBSN,PkM,29358563945,13776333576,4,2026-05-17T15:02:44+07:00
ANG571bec16,2018,Hibah,Gaji,29440101397,28788717411,4,2026-05-17T15:02:44+07:00
ANGbd67491d,2018,Hibah,Operasional,15054005173,9023962495,4,2026-05-17T15:02:44+07:00
ANG72f6056b,2018,Hibah,Penelitian,38235478204,31728534492,4,2026-05-17T15:02:44+07:00
ANG3ce6e1f5,2018,Hibah,Investasi,1903139808,1599961113,4,2026-05-17T15:02:44+07:00
ANG3eed6a02,2018,Hibah,PkM,7060070595,4967141631,4,2026-05-17T15:02:44+07:00
ANG13ecf2c7,2019,PNBP,Gaji,45680194020,42663704773,1,2026-05-17T15:02:44+07:00
ANGf318f9cf,2019,PNBP,Operasional,5835351578,4120357139,1,2026-05-17T15:02:44+07:00
ANGefa03612,2019,PNBP,Penelitian,4936250342,2537258991,1,2026-05-17T15:02:44+07:00
ANGa1fe9a41,2019,PNBP,Investasi,47762597399,25438062255,1,2026-05-17T15:02:44+07:00
ANGd459f577,2019,PNBP,PkM,47854804838,25407722993,1,2026-05-17T15:02:44+07:00
ANG56ba92c0,2019,APBN,Gaji,30977009531,24482597646,1,2026-05-17T15:02:44+07:00
ANG8adda848,2019,APBN,Operasional,2345801278,1031422607,1,2026-05-17T15:02:44+07:00
ANG10be6333,2019,APBN,Penelitian,30746820713,29254573608,1,2026-05-17T15:02:44+07:00
ANG70169661,2019,APBN,Investasi,5772533796,2445592532,1,2026-05-17T15:02:44+07:00
ANGd44bdb56,2019,APBN,PkM,12235810779,9042368572,1,2026-05-17T15:02:44+07:00
ANG53db2fdc,2019,SBSN,Gaji,16925388608,10608320767,1,2026-05-17T15:02:44+07:00
ANGd79689be,2019,SBSN,Operasional,19743384288,11026326704,1,2026-05-17T15:02:44+07:00
ANGc1159227,2019,SBSN,Penelitian,44774847708,21357945355,1,2026-05-17T15:02:44+07:00
ANG312b2b2e,2019,SBSN,Investasi,30700363994,15517027089,1,2026-05-17T15:02:44+07:00
ANGd59b936a,2019,SBSN,PkM,45885175529,28621738714,1,2026-05-17T15:02:44+07:00
ANG3dfd93b6,2019,Hibah,Gaji,29462752908,17587124766,1,2026-05-17T15:02:44+07:00
ANGc987ffd5,2019,Hibah,Operasional,44442984860,39308216154,1,2026-05-17T15:02:44+07:00
ANG65ed7301,2019,Hibah,Penelitian,8743638992,7609447516,1,2026-05-17T15:02:44+07:00
ANGb0a8138e,2019,Hibah,Investasi,22009034233,8860269050,1,2026-05-17T15:02:44+07:00
ANG365af308,2019,Hibah,PkM,34458115045,26851315977,1,2026-05-17T15:02:44+07:00
ANG56aca345,2019,PNBP,Gaji,34504591701,20593034877,2,2026-05-17T15:02:44+07:00
ANG35e6a6bf,2019,PNBP,Operasional,4309918273,1932480748,2,2026-05-17T15:02:44+07:00
ANG0a6e196c,2019,PNBP,Penelitian,8573119473,3544036041,2,2026-05-17T15:02:44+07:00
ANG46553bb3,2019,PNBP,Investasi,611436979,524352711,2,2026-05-17T15:02:44+07:00
ANGd659560d,2019,PNBP,PkM,32964410924,14113155389,2,2026-05-17T15:02:44+07:00
ANG7d36190a,2019,APBN,Gaji,42199549421,20830831609,2,2026-05-17T15:02:44+07:00
ANG4092fd57,2019,APBN,Operasional,19194451344,9375168313,2,2026-05-17T15:02:44+07:00
ANGf0df74dc,2019,APBN,Penelitian,45470640483,24875455921,2,2026-05-17T15:02:44+07:00
ANG6c3ba90d,2019,APBN,Investasi,36372906725,24308473014,2,2026-05-17T15:02:44+07:00
ANG94a0aff2,2019,APBN,PkM,13042641401,8762679457,2,2026-05-17T15:02:44+07:00
ANG07fc8a35,2019,SBSN,Gaji,26129434468,25215033386,2,2026-05-17T15:02:44+07:00
ANGaaee5ec8,2019,SBSN,Operasional,47579786641,35022174968,2,2026-05-17T15:02:44+07:00
ANGe2d2c59d,2019,SBSN,Penelitian,24665965175,12776694946,2,2026-05-17T15:02:44+07:00
ANGd56c548f,2019,SBSN,Investasi,24608676405,23392983516,2,2026-05-17T15:02:44+07:00
ANG513629ac,2019,SBSN,PkM,49700492852,24002585093,2,2026-05-17T15:02:44+07:00
ANGa65c172b,2019,Hibah,Gaji,18561667374,9965741093,2,2026-05-17T15:02:44+07:00
ANG8fef434b,2019,Hibah,Operasional,46238636413,31076202206,2,2026-05-17T15:02:44+07:00
ANGc2e7533f,2019,Hibah,Penelitian,3675050115,2321453607,2,2026-05-17T15:02:44+07:00
ANGf09f8600,2019,Hibah,Investasi,9494960574,4332155604,2,2026-05-17T15:02:44+07:00
ANGb1fdfa29,2019,Hibah,PkM,25661256826,23618416650,2,2026-05-17T15:02:44+07:00
ANG20c997a7,2019,PNBP,Gaji,42572285769,24709851783,3,2026-05-17T15:02:44+07:00
ANGb3d66e2e,2019,PNBP,Operasional,20808271858,11888335943,3,2026-05-17T15:02:44+07:00
ANGf5479693,2019,PNBP,Penelitian,3356339513,1349598148,3,2026-05-17T15:02:44+07:00
ANGafce335f,2019,PNBP,Investasi,46369820435,23328249056,3,2026-05-17T15:02:44+07:00
ANG5a72fd64,2019,PNBP,PkM,26282173934,14588042751,3,2026-05-17T15:02:44+07:00
ANG25783f4b,2019,APBN,Gaji,19009554858,17644123758,3,2026-05-17T15:02:44+07:00
ANG6c374e24,2019,APBN,Operasional,28256824195,11546606493,3,2026-05-17T15:02:44+07:00
ANGffbfbad5,2019,APBN,Penelitian,18805281128,8267896119,3,2026-05-17T15:02:44+07:00
ANG400dcb2a,2019,APBN,Investasi,44495655950,24635439035,3,2026-05-17T15:02:44+07:00
ANG8f01c1f1,2019,APBN,PkM,35268244359,23881061610,3,2026-05-17T15:02:44+07:00
ANG674e3cd3,2019,SBSN,Gaji,30132343367,21539676851,3,2026-05-17T15:02:44+07:00
ANG43853b7f,2019,SBSN,Operasional,25878076217,20096063393,3,2026-05-17T15:02:44+07:00
ANG0dde8411,2019,SBSN,Penelitian,44558985195,33967099011,3,2026-05-17T15:02:44+07:00
ANG4a93d720,2019,SBSN,Investasi,49623319690,44072158906,3,2026-05-17T15:02:44+07:00
ANG808eff14,2019,SBSN,PkM,31678724455,17086062200,3,2026-05-17T15:02:44+07:00
ANG7983c91a,2019,Hibah,Gaji,1767268238,1068868249,3,2026-05-17T15:02:44+07:00
ANG2367e325,2019,Hibah,Operasional,9126465727,4195247566,3,2026-05-17T15:02:44+07:00
ANGaef1ce12,2019,Hibah,Penelitian,28240127106,15956135503,3,2026-05-17T15:02:44+07:00
ANGeb2e31c5,2019,Hibah,Investasi,5877721095,5249310375,3,2026-05-17T15:02:44+07:00
ANGbb2a4c71,2019,Hibah,PkM,22997886358,10215495384,3,2026-05-17T15:02:44+07:00
ANG26154bed,2019,PNBP,Gaji,4396113264,2876195014,4,2026-05-17T15:02:44+07:00
ANGcb85a7a1,2019,PNBP,Operasional,44924479741,39586071562,4,2026-05-17T15:02:44+07:00
ANG9be12a66,2019,PNBP,Penelitian,14752880758,6808770629,4,2026-05-17T15:02:44+07:00
ANG6fa17a75,2019,PNBP,Investasi,4726833564,2213354497,4,2026-05-17T15:02:44+07:00
ANGd209e10c,2019,PNBP,PkM,38095174647,19657300810,4,2026-05-17T15:02:44+07:00
ANG10dc0621,2019,APBN,Gaji,7194761087,4638851931,4,2026-05-17T15:02:44+07:00
ANG883f5f13,2019,APBN,Operasional,15932901038,6786674697,4,2026-05-17T15:02:44+07:00
ANGba4b4d2e,2019,APBN,Penelitian,5066509351,3377750538,4,2026-05-17T15:02:44+07:00
ANG8eb4b7ac,2019,APBN,Investasi,12216898892,9066948642,4,2026-05-17T15:02:44+07:00
ANG87fe1fc4,2019,APBN,PkM,26952010889,12801013923,4,2026-05-17T15:02:44+07:00
ANG135f5ca9,2019,SBSN,Gaji,9759609070,6418457557,4,2026-05-17T15:02:44+07:00
ANGea7c1e7d,2019,SBSN,Operasional,22858220564,10829700587,4,2026-05-17T15:02:44+07:00
ANG090fcc05,2019,SBSN,Penelitian,17793536568,8366693803,4,2026-05-17T15:02:44+07:00
ANGae567646,2019,SBSN,Investasi,3215466754,2097764099,4,2026-05-17T15:02:44+07:00
ANGec65b979,2019,SBSN,PkM,28992528151,22132628001,4,2026-05-17T15:02:44+07:00
ANGb401cae4,2019,Hibah,Gaji,41813558871,37089988576,4,2026-05-17T15:02:44+07:00
ANGd4316386,2019,Hibah,Operasional,34547130266,31098639233,4,2026-05-17T15:02:44+07:00
ANG29b2401c,2019,Hibah,Penelitian,37027071337,28147757611,4,2026-05-17T15:02:44+07:00
ANG17da8ace,2019,Hibah,Investasi,2427659691,1232160781,4,2026-05-17T15:02:44+07:00
ANGbda09b9e,2019,Hibah,PkM,8619789218,4485590679,4,2026-05-17T15:02:44+07:00
ANG5fa6c006,2020,PNBP,Gaji,13658857789,9300504891,1,2026-05-17T15:02:44+07:00
ANG3311ac16,2020,PNBP,Operasional,2515718297,2328691692,1,2026-05-17T15:02:44+07:00
ANG8f13ef61,2020,PNBP,Penelitian,48998353866,23800694981,1,2026-05-17T15:02:44+07:00
ANGc38a8265,2020,PNBP,Investasi,6741538342,3219816753,1,2026-05-17T15:02:44+07:00
ANGa7e5acb9,2020,PNBP,PkM,37846286246,35858235731,1,2026-05-17T15:02:44+07:00
ANG2caa676a,2020,APBN,Gaji,49805557168,45476047559,1,2026-05-17T15:02:44+07:00
ANG1e071823,2020,APBN,Operasional,29281265584,23870953114,1,2026-05-17T15:02:44+07:00
ANG8eb4963d,2020,APBN,Penelitian,44507976069,21692024534,1,2026-05-17T15:02:44+07:00
ANG05450479,2020,APBN,Investasi,29792909077,12288676339,1,2026-05-17T15:02:44+07:00
ANGb905df18,2020,APBN,PkM,27177990309,24305110852,1,2026-05-17T15:02:44+07:00
ANGc9b0b645,2020,SBSN,Gaji,42101369429,33828602531,1,2026-05-17T15:02:44+07:00
ANG22380557,2020,SBSN,Operasional,44657609686,19463325732,1,2026-05-17T15:02:44+07:00
ANG9cdb8339,2020,SBSN,Penelitian,34941515538,19002383158,1,2026-05-17T15:02:44+07:00
ANGe9d5bf69,2020,SBSN,Investasi,37439310082,34901136439,1,2026-05-17T15:02:44+07:00
ANGebc5b6a7,2020,SBSN,PkM,23937835468,12022458185,1,2026-05-17T15:02:44+07:00
ANG3ad2aca0,2020,Hibah,Gaji,40351649960,27251701164,1,2026-05-17T15:02:44+07:00
ANGf3abba83,2020,Hibah,Operasional,25270314701,16981742815,1,2026-05-17T15:02:44+07:00
ANG535f4d58,2020,Hibah,Penelitian,12762086778,11188489798,1,2026-05-17T15:02:44+07:00
ANGbd43183a,2020,Hibah,Investasi,28434214260,20226892894,1,2026-05-17T15:02:44+07:00
ANGcd1b1550,2020,Hibah,PkM,49564598999,46012581531,1,2026-05-17T15:02:44+07:00
ANG075cbaa8,2020,PNBP,Gaji,10876760516,7853357851,2,2026-05-17T15:02:44+07:00
ANG262ea814,2020,PNBP,Operasional,39077271493,16560418773,2,2026-05-17T15:02:44+07:00
ANG48370cf2,2020,PNBP,Penelitian,10119775622,6037588153,2,2026-05-17T15:02:44+07:00
ANGdb240747,2020,PNBP,Investasi,2035288937,1694474360,2,2026-05-17T15:02:44+07:00
ANG7bbee668,2020,PNBP,PkM,49551441690,26899352726,2,2026-05-17T15:02:44+07:00
ANGadb2d478,2020,APBN,Gaji,25521401716,20585714381,2,2026-05-17T15:02:44+07:00
ANG77e4115d,2020,APBN,Operasional,18152367487,11270719370,2,2026-05-17T15:02:44+07:00
ANG799464dc,2020,APBN,Penelitian,44269085660,36297076122,2,2026-05-17T15:02:44+07:00
ANGe66a1814,2020,APBN,Investasi,18673637339,13047119519,2,2026-05-17T15:02:44+07:00
ANG636321ab,2020,APBN,PkM,23704393516,22117819782,2,2026-05-17T15:02:44+07:00
ANGaf719020,2020,SBSN,Gaji,21882058185,13262147714,2,2026-05-17T15:02:44+07:00
ANG001cf227,2020,SBSN,Operasional,48607413185,35640329380,2,2026-05-17T15:02:44+07:00
ANGb6821c9a,2020,SBSN,Penelitian,21061671124,15018802119,2,2026-05-17T15:02:44+07:00
ANG58df0043,2020,SBSN,Investasi,25768909590,10470901201,2,2026-05-17T15:02:44+07:00
ANG4cd26e07,2020,SBSN,PkM,44646935352,24446154019,2,2026-05-17T15:02:44+07:00
ANG3785d173,2020,Hibah,Gaji,48094637374,29718151861,2,2026-05-17T15:02:44+07:00
ANG256f027a,2020,Hibah,Operasional,34675062414,27022066484,2,2026-05-17T15:02:44+07:00
ANGd2df6504,2020,Hibah,Penelitian,22701475598,18835278138,2,2026-05-17T15:02:44+07:00
ANG9be2a446,2020,Hibah,Investasi,37644415692,20670898788,2,2026-05-17T15:02:44+07:00
ANG6df8d7da,2020,Hibah,PkM,11280188667,9650965251,2,2026-05-17T15:02:44+07:00
ANGc72fc3b7,2020,PNBP,Gaji,14742378615,9361256284,3,2026-05-17T15:02:44+07:00
ANG05a4fc5c,2020,PNBP,Operasional,38970673266,17956045919,3,2026-05-17T15:02:44+07:00
ANG302b1820,2020,PNBP,Penelitian,7980452016,3927699293,3,2026-05-17T15:02:44+07:00
ANG916732d9,2020,PNBP,Investasi,16982958442,8672370990,3,2026-05-17T15:02:44+07:00
ANGbc6a3e70,2020,PNBP,PkM,5370568218,3582948925,3,2026-05-17T15:02:44+07:00
ANG5a807944,2020,APBN,Gaji,38882250644,22688331049,3,2026-05-17T15:02:44+07:00
ANGbe0adc7d,2020,APBN,Operasional,21515835717,20778600716,3,2026-05-17T15:02:44+07:00
ANG982b0722,2020,APBN,Penelitian,18354607961,8813526322,3,2026-05-17T15:02:44+07:00
ANG31883cae,2020,APBN,Investasi,44964174637,26413480766,3,2026-05-17T15:02:44+07:00
ANG8ee0d5e9,2020,APBN,PkM,29192763181,27482768024,3,2026-05-17T15:02:44+07:00
ANG5942c676,2020,SBSN,Gaji,8983027217,4368115483,3,2026-05-17T15:02:44+07:00
ANGe8e959fd,2020,SBSN,Operasional,17001219089,12025392805,3,2026-05-17T15:02:44+07:00
ANG849f27f6,2020,SBSN,Penelitian,20654475170,12179597562,3,2026-05-17T15:02:44+07:00
ANGafc1600e,2020,SBSN,Investasi,44097000373,40558081133,3,2026-05-17T15:02:44+07:00
ANG1104a7d5,2020,SBSN,PkM,31835065640,27556758554,3,2026-05-17T15:02:44+07:00
ANGf705a897,2020,Hibah,Gaji,15000955871,9406211125,3,2026-05-17T15:02:44+07:00
ANG90263b77,2020,Hibah,Operasional,9968095307,8730557894,3,2026-05-17T15:02:44+07:00
ANGcc5ba37d,2020,Hibah,Penelitian,13849474085,7281109296,3,2026-05-17T15:02:44+07:00
ANG985ac90f,2020,Hibah,Investasi,24978783813,13906485536,3,2026-05-17T15:02:44+07:00
ANG26b9321a,2020,Hibah,PkM,15131741077,8685907407,3,2026-05-17T15:02:44+07:00
ANG6b24a6a6,2020,PNBP,Gaji,33558925405,22103478888,4,2026-05-17T15:02:44+07:00
ANGb0c3f501,2020,PNBP,Operasional,32105825874,15547965225,4,2026-05-17T15:02:44+07:00
ANG8f5096f4,2020,PNBP,Penelitian,37986963144,33023491689,4,2026-05-17T15:02:44+07:00
ANGc77572b8,2020,PNBP,Investasi,28886929455,24821136270,4,2026-05-17T15:02:44+07:00
ANGc2117d47,2020,PNBP,PkM,1137798374,1074037164,4,2026-05-17T15:02:44+07:00
ANGbe7f02bc,2020,APBN,Gaji,39840454107,26344732325,4,2026-05-17T15:02:44+07:00
ANGf77cb74c,2020,APBN,Operasional,30576413831,24748531190,4,2026-05-17T15:02:44+07:00
ANG0fbde176,2020,APBN,Penelitian,31669133624,23721143551,4,2026-05-17T15:02:44+07:00
ANGc97c26aa,2020,APBN,Investasi,9243918876,4095518071,4,2026-05-17T15:02:44+07:00
ANGa353c4fa,2020,APBN,PkM,15943506768,12622725493,4,2026-05-17T15:02:44+07:00
ANG27aece8e,2020,SBSN,Gaji,26362876105,11952294846,4,2026-05-17T15:02:44+07:00
ANGe9a150aa,2020,SBSN,Operasional,18029895157,13484259771,4,2026-05-17T15:02:44+07:00
ANG993ce84d,2020,SBSN,Penelitian,37206407454,18764190033,4,2026-05-17T15:02:44+07:00
ANG8dd098c9,2020,SBSN,Investasi,47359568532,36864992963,4,2026-05-17T15:02:44+07:00
ANG8c84b8e5,2020,SBSN,PkM,22792723836,20465173988,4,2026-05-17T15:02:44+07:00
ANG26bf9300,2020,Hibah,Gaji,16456952331,14832764845,4,2026-05-17T15:02:44+07:00
ANG2ba4c8de,2020,Hibah,Operasional,37221542651,25283877863,4,2026-05-17T15:02:44+07:00
ANG34f42354,2020,Hibah,Penelitian,29681409141,26866207176,4,2026-05-17T15:02:44+07:00
ANG3ac83ad6,2020,Hibah,Investasi,4819579907,2969996644,4,2026-05-17T15:02:44+07:00
ANG91707f4d,2020,Hibah,PkM,46655909894,30670822857,4,2026-05-17T15:02:44+07:00
ANG5b6f23ab,2021,PNBP,Gaji,5934050846,5414176379,1,2026-05-17T15:02:44+07:00
ANG372e2db8,2021,PNBP,Operasional,24396946113,11092756380,1,2026-05-17T15:02:44+07:00
ANGb91984af,2021,PNBP,Penelitian,8298722655,4830196569,1,2026-05-17T15:02:44+07:00
ANG73017d0a,2021,PNBP,Investasi,22816588085,10396565088,1,2026-05-17T15:02:44+07:00
ANG9ee58277,2021,PNBP,PkM,9888621374,5232214525,1,2026-05-17T15:02:44+07:00
ANGecffa431,2021,APBN,Gaji,12946825098,8723633111,1,2026-05-17T15:02:44+07:00
ANG3ba0ca05,2021,APBN,Operasional,32129265244,24431353401,1,2026-05-17T15:02:44+07:00
ANG23457f76,2021,APBN,Penelitian,3849386221,2695622221,1,2026-05-17T15:02:44+07:00
ANGc39f7cf6,2021,APBN,Investasi,26722366604,25317543189,1,2026-05-17T15:02:44+07:00
ANG0fb1fb5b,2021,APBN,PkM,30051207068,12099287388,1,2026-05-17T15:02:44+07:00
ANG890e92fb,2021,SBSN,Gaji,10259184274,6556017858,1,2026-05-17T15:02:44+07:00
ANGa6052f3e,2021,SBSN,Operasional,8245070989,4433223362,1,2026-05-17T15:02:44+07:00
ANG70c0bd4b,2021,SBSN,Penelitian,8179007673,5467583899,1,2026-05-17T15:02:44+07:00
ANGb57be089,2021,SBSN,Investasi,25056524299,22788754512,1,2026-05-17T15:02:44+07:00
ANGbac977a8,2021,SBSN,PkM,31145761373,15407643296,1,2026-05-17T15:02:44+07:00
ANG5b155186,2021,Hibah,Gaji,19584929397,12433180324,1,2026-05-17T15:02:44+07:00
ANGe045d92b,2021,Hibah,Operasional,20946826183,19534290487,1,2026-05-17T15:02:44+07:00
ANG3b33e948,2021,Hibah,Penelitian,8772292013,7154066548,1,2026-05-17T15:02:44+07:00
ANG2641e53b,2021,Hibah,Investasi,32406642944,28044381511,1,2026-05-17T15:02:44+07:00
ANGb78f65f9,2021,Hibah,PkM,14578205686,10347391562,1,2026-05-17T15:02:44+07:00
ANG4091aff1,2021,PNBP,Gaji,6972376841,3435822321,2,2026-05-17T15:02:44+07:00
ANGe9b851b2,2021,PNBP,Operasional,48034090356,21593687662,2,2026-05-17T15:02:44+07:00
ANG6c5e2046,2021,PNBP,Penelitian,14370218751,13351382718,2,2026-05-17T15:02:44+07:00
ANG2f59d61c,2021,PNBP,Investasi,41809617670,30155307809,2,2026-05-17T15:02:44+07:00
ANGb187b528,2021,PNBP,PkM,17050822491,10255588206,2,2026-05-17T15:02:44+07:00
ANG6a3b9a0f,2021,APBN,Gaji,39625372825,37298017179,2,2026-05-17T15:02:44+07:00
ANG2f0f0e1b,2021,APBN,Operasional,2670624813,1863556608,2,2026-05-17T15:02:44+07:00
ANG1c118721,2021,APBN,Penelitian,48162794274,36235689477,2,2026-05-17T15:02:44+07:00
ANG6da22755,2021,APBN,Investasi,14040869528,7468002511,2,2026-05-17T15:02:44+07:00
ANG14535278,2021,APBN,PkM,10858165820,6227664933,2,2026-05-17T15:02:44+07:00
ANGe65288b6,2021,SBSN,Gaji,34069342488,17164071476,2,2026-05-17T15:02:44+07:00
ANG50aa316d,2021,SBSN,Operasional,26399684083,19969342471,2,2026-05-17T15:02:44+07:00
ANGa8771939,2021,SBSN,Penelitian,5438799141,2374240437,2,2026-05-17T15:02:44+07:00
ANG63ae1811,2021,SBSN,Investasi,5501309408,2743387849,2,2026-05-17T15:02:44+07:00
ANGf763b3c1,2021,SBSN,PkM,30776551974,16894000047,2,2026-05-17T15:02:44+07:00
ANGb3eb3a1d,2021,Hibah,Gaji,7701574296,4695459499,2,2026-05-17T15:02:44+07:00
ANGbf204607,2021,Hibah,Operasional,37548929053,30757156099,2,2026-05-17T15:02:44+07:00
ANGa7305c40,2021,Hibah,Penelitian,37517938205,29243314992,2,2026-05-17T15:02:44+07:00
ANGeaf7ee1e,2021,Hibah,Investasi,46358190504,34796657942,2,2026-05-17T15:02:44+07:00
ANG27a8628b,2021,Hibah,PkM,2985881949,1761817847,2,2026-05-17T15:02:44+07:00
ANGbd1b4d95,2021,PNBP,Gaji,44865201538,21763379230,3,2026-05-17T15:02:44+07:00
ANG7f3d5a69,2021,PNBP,Operasional,41321879816,25313575803,3,2026-05-17T15:02:44+07:00
ANG7b296e5b,2021,PNBP,Penelitian,24950660210,11363027498,3,2026-05-17T15:02:44+07:00
ANG15b3dc01,2021,PNBP,Investasi,39179746646,21274124162,3,2026-05-17T15:02:44+07:00
ANGeeb159f8,2021,PNBP,PkM,19827777189,11813291718,3,2026-05-17T15:02:44+07:00
ANG21e21a7c,2021,APBN,Gaji,42698832328,33065961759,3,2026-05-17T15:02:44+07:00
ANG64e0a0fe,2021,APBN,Operasional,40316973224,36776061251,3,2026-05-17T15:02:44+07:00
ANG6e3bee9e,2021,APBN,Penelitian,10671016515,10332650984,3,2026-05-17T15:02:44+07:00
ANG2ac94fab,2021,APBN,Investasi,32177114030,22306069894,3,2026-05-17T15:02:44+07:00
ANGb91c6db5,2021,APBN,PkM,8383708484,4704033988,3,2026-05-17T15:02:44+07:00
ANGc87f5d33,2021,SBSN,Gaji,9410281235,7376045047,3,2026-05-17T15:02:44+07:00
ANG8a7a4121,2021,SBSN,Operasional,509950449,496596587,3,2026-05-17T15:02:44+07:00
ANGd21e42e7,2021,SBSN,Penelitian,16857323498,15810079145,3,2026-05-17T15:02:44+07:00
ANG5d08d0f3,2021,SBSN,Investasi,24951419639,10678442781,3,2026-05-17T15:02:44+07:00
ANG5238397e,2021,SBSN,PkM,9247955543,8935316396,3,2026-05-17T15:02:44+07:00
ANGd3b97b6e,2021,Hibah,Gaji,45773218336,36592735421,3,2026-05-17T15:02:44+07:00
ANG86a6fb60,2021,Hibah,Operasional,12152664440,10867955036,3,2026-05-17T15:02:44+07:00
ANG9b7c087d,2021,Hibah,Penelitian,38770334978,37300734912,3,2026-05-17T15:02:44+07:00
ANG90eddf87,2021,Hibah,Investasi,12026419316,8803031244,3,2026-05-17T15:02:44+07:00
ANG707eb236,2021,Hibah,PkM,48203244102,34430582712,3,2026-05-17T15:02:44+07:00
ANGb57b75a8,2021,PNBP,Gaji,24485666008,22589117478,4,2026-05-17T15:02:44+07:00
ANG7249a01c,2021,PNBP,Operasional,49486287117,23615690671,4,2026-05-17T15:02:44+07:00
ANG3ad73331,2021,PNBP,Penelitian,20822034262,19149666481,4,2026-05-17T15:02:44+07:00
ANG5f106329,2021,PNBP,Investasi,10437014508,5799838254,4,2026-05-17T15:02:44+07:00
ANG88c2ad1d,2021,PNBP,PkM,38248238556,21742357291,4,2026-05-17T15:02:44+07:00
ANG734f7348,2021,APBN,Gaji,3566942624,1710545701,4,2026-05-17T15:02:44+07:00
ANGeb2b856d,2021,APBN,Operasional,27978585716,23660636006,4,2026-05-17T15:02:44+07:00
ANGa3fa3de2,2021,APBN,Penelitian,40841898607,28932983893,4,2026-05-17T15:02:44+07:00
ANGe953629f,2021,APBN,Investasi,47012320204,38400549970,4,2026-05-17T15:02:44+07:00
ANGba4a3bf7,2021,APBN,PkM,10643421557,7368198785,4,2026-05-17T15:02:44+07:00
ANGbe45ab85,2021,SBSN,Gaji,42393043858,33826487273,4,2026-05-17T15:02:44+07:00
ANG0049857e,2021,SBSN,Operasional,9632650688,6717888609,4,2026-05-17T15:02:44+07:00
ANG4ff299e8,2021,SBSN,Penelitian,3817115137,1754073336,4,2026-05-17T15:02:44+07:00
ANG1148253a,2021,SBSN,Investasi,7763935931,4416726309,4,2026-05-17T15:02:44+07:00
ANG873c57f4,2021,SBSN,PkM,3525269268,1621487895,4,2026-05-17T15:02:44+07:00
ANG9a8d7228,2021,Hibah,Gaji,12027292301,10660938633,4,2026-05-17T15:02:44+07:00
ANG19a7be64,2021,Hibah,Operasional,15428155560,14565025750,4,2026-05-17T15:02:44+07:00
ANG88560c65,2021,Hibah,Penelitian,14026847090,11877795217,4,2026-05-17T15:02:44+07:00
ANG919f4275,2021,Hibah,Investasi,6647328119,3566003282,4,2026-05-17T15:02:44+07:00
ANG9188403a,2021,Hibah,PkM,21698220079,16168568464,4,2026-05-17T15:02:44+07:00
ANG1ed5366a,2022,PNBP,Gaji,21764427469,9578448753,1,2026-05-17T15:02:44+07:00
ANG9da372be,2022,PNBP,Operasional,29236448611,12398018422,1,2026-05-17T15:02:44+07:00
ANG3560e0db,2022,PNBP,Penelitian,7783712257,4240374927,1,2026-05-17T15:02:44+07:00
ANGe1e6ae33,2022,PNBP,Investasi,47682679898,35748581551,1,2026-05-17T15:02:44+07:00
ANGbd81ed55,2022,PNBP,PkM,19224402821,18680325175,1,2026-05-17T15:02:44+07:00
ANG5ca5eb98,2022,APBN,Gaji,27392562885,22130838055,1,2026-05-17T15:02:44+07:00
ANG5bab0b3a,2022,APBN,Operasional,24770357479,21668485316,1,2026-05-17T15:02:44+07:00
ANG924e00ee,2022,APBN,Penelitian,37191974058,22459549014,1,2026-05-17T15:02:44+07:00
ANG74b5c715,2022,APBN,Investasi,25057966480,12358588743,1,2026-05-17T15:02:44+07:00
ANGa83aab40,2022,APBN,PkM,14160538577,10229697170,1,2026-05-17T15:02:44+07:00
ANG917f6d0e,2022,SBSN,Gaji,1117180274,487053608,1,2026-05-17T15:02:44+07:00
ANG5c20efe6,2022,SBSN,Operasional,44681716128,32746082927,1,2026-05-17T15:02:44+07:00
ANG2b2cf5a2,2022,SBSN,Penelitian,39618727287,24107401071,1,2026-05-17T15:02:44+07:00
ANG1bfb7ea1,2022,SBSN,Investasi,16151743715,14030567937,1,2026-05-17T15:02:44+07:00
ANGe5b2f649,2022,SBSN,PkM,26484538232,24214839395,1,2026-05-17T15:02:44+07:00
ANG6456e120,2022,Hibah,Gaji,41165333313,33261152289,1,2026-05-17T15:02:44+07:00
ANG7064916e,2022,Hibah,Operasional,6445855217,5567670842,1,2026-05-17T15:02:44+07:00
ANG7f262a3e,2022,Hibah,Penelitian,22679656088,12532793215,1,2026-05-17T15:02:44+07:00
ANG927290e5,2022,Hibah,Investasi,10870173824,8271717629,1,2026-05-17T15:02:44+07:00
ANG6577b1c8,2022,Hibah,PkM,1179594403,927755776,1,2026-05-17T15:02:44+07:00
ANG4745816b,2022,PNBP,Gaji,19615557025,17670982882,2,2026-05-17T15:02:44+07:00
ANG89f472c7,2022,PNBP,Operasional,24118129947,16788584463,2,2026-05-17T15:02:44+07:00
ANG57180256,2022,PNBP,Penelitian,8116505923,7294053843,2,2026-05-17T15:02:44+07:00
ANG4aec7c7d,2022,PNBP,Investasi,19675641140,16088330473,2,2026-05-17T15:02:44+07:00
ANGf5fdaa2a,2022,PNBP,PkM,11717748318,11157117431,2,2026-05-17T15:02:44+07:00
ANGbe50a133,2022,APBN,Gaji,43709765727,38345502241,2,2026-05-17T15:02:44+07:00
ANG29e0cfa4,2022,APBN,Operasional,9677316302,8673976004,2,2026-05-17T15:02:44+07:00
ANG029d7df2,2022,APBN,Penelitian,5736892886,3467239073,2,2026-05-17T15:02:44+07:00
ANGa1c0e6a4,2022,APBN,Investasi,3735995392,3313645680,2,2026-05-17T15:02:44+07:00
ANGdf4f1dbb,2022,APBN,PkM,7900521620,4493295766,2,2026-05-17T15:02:44+07:00
ANG3cca0c80,2022,SBSN,Gaji,30366934123,16613786006,2,2026-05-17T15:02:44+07:00
ANG342aeab1,2022,SBSN,Operasional,19211493195,10852964177,2,2026-05-17T15:02:44+07:00
ANG75bb9aca,2022,SBSN,Penelitian,45975179451,23433105143,2,2026-05-17T15:02:44+07:00
ANGac0ebebc,2022,SBSN,Investasi,25650413683,25055338221,2,2026-05-17T15:02:44+07:00
ANGfaf2dece,2022,SBSN,PkM,34281213772,22278840255,2,2026-05-17T15:02:44+07:00
ANG1ee4f8c3,2022,Hibah,Gaji,1469126220,843415556,2,2026-05-17T15:02:44+07:00
ANGd26c6794,2022,Hibah,Operasional,3310079502,1893939590,2,2026-05-17T15:02:44+07:00
ANG495182e5,2022,Hibah,Penelitian,14091792593,6313951325,2,2026-05-17T15:02:44+07:00
ANG1f0cbe34,2022,Hibah,Investasi,37403375694,20442033861,2,2026-05-17T15:02:44+07:00
ANG5bda297c,2022,Hibah,PkM,976883737,524064380,2,2026-05-17T15:02:44+07:00
ANG00605320,2022,PNBP,Gaji,33481219674,21003337019,3,2026-05-17T15:02:44+07:00
ANG34a2f4ae,2022,PNBP,Operasional,32491850677,16208183180,3,2026-05-17T15:02:44+07:00
ANG915bebaa,2022,PNBP,Penelitian,38064038604,36660361467,3,2026-05-17T15:02:44+07:00
ANGb891d5f8,2022,PNBP,Investasi,12626932986,6372176608,3,2026-05-17T15:02:44+07:00
ANGa4d1ace6,2022,PNBP,PkM,14182085691,8617242778,3,2026-05-17T15:02:44+07:00
ANG62541174,2022,APBN,Gaji,1140044486,643434427,3,2026-05-17T15:02:44+07:00
ANG796b8bf1,2022,APBN,Operasional,39545176633,22414591802,3,2026-05-17T15:02:44+07:00
ANG5a8a559f,2022,APBN,Penelitian,7831866627,3938293598,3,2026-05-17T15:02:44+07:00
ANG84ff81f0,2022,APBN,Investasi,14554293284,14098408639,3,2026-05-17T15:02:44+07:00
ANG5744829f,2022,APBN,PkM,27968849056,22781723577,3,2026-05-17T15:02:44+07:00
ANG8bd7c248,2022,SBSN,Gaji,5878581178,5001110675,3,2026-05-17T15:02:44+07:00
ANG3871c8ac,2022,SBSN,Operasional,17674106807,13594049569,3,2026-05-17T15:02:44+07:00
ANGd4c64dfd,2022,SBSN,Penelitian,30500075927,22955655016,3,2026-05-17T15:02:44+07:00
ANG56da688c,2022,SBSN,Investasi,34333302214,19699769322,3,2026-05-17T15:02:44+07:00
ANGb74baf71,2022,SBSN,PkM,11945518500,8559390532,3,2026-05-17T15:02:44+07:00
ANG5ad306bf,2022,Hibah,Gaji,45367448811,25586746395,3,2026-05-17T15:02:44+07:00
ANG6ebd4c17,2022,Hibah,Operasional,40708079793,19044577823,3,2026-05-17T15:02:44+07:00
ANG861f8ca3,2022,Hibah,Penelitian,1990285917,1891512142,3,2026-05-17T15:02:44+07:00
ANG7fbef112,2022,Hibah,Investasi,35970713591,23147452773,3,2026-05-17T15:02:44+07:00
ANGd65cb3cf,2022,Hibah,PkM,34030946611,18982085682,3,2026-05-17T15:02:44+07:00
ANG2e7841c0,2022,PNBP,Gaji,30098479439,22082176312,4,2026-05-17T15:02:44+07:00
ANG509e0ec6,2022,PNBP,Operasional,2849100223,1832067182,4,2026-05-17T15:02:44+07:00
ANG3719144e,2022,PNBP,Penelitian,40806772308,18127314637,4,2026-05-17T15:02:44+07:00
ANGcf85e170,2022,PNBP,Investasi,39714739311,17073323626,4,2026-05-17T15:02:44+07:00
ANG0131b2d9,2022,PNBP,PkM,953663402,902826748,4,2026-05-17T15:02:44+07:00
ANG2f454fb1,2022,APBN,Gaji,11519068004,5517113478,4,2026-05-17T15:02:44+07:00
ANGfbc41902,2022,APBN,Operasional,32898931245,14565824114,4,2026-05-17T15:02:44+07:00
ANG5aa67968,2022,APBN,Penelitian,48575829645,28292953292,4,2026-05-17T15:02:44+07:00
ANG09675868,2022,APBN,Investasi,35570914578,17655635256,4,2026-05-17T15:02:44+07:00
ANG8c404902,2022,APBN,PkM,3864206454,2147743420,4,2026-05-17T15:02:44+07:00
ANG9bac4be9,2022,SBSN,Gaji,34888339745,33575840396,4,2026-05-17T15:02:44+07:00
ANG2385c81c,2022,SBSN,Operasional,42279125054,41147073476,4,2026-05-17T15:02:44+07:00
ANG64d25920,2022,SBSN,Penelitian,23972719120,17670031640,4,2026-05-17T15:02:44+07:00
ANG0333fefc,2022,SBSN,Investasi,25303643659,14949702927,4,2026-05-17T15:02:44+07:00
ANG2de41e05,2022,SBSN,PkM,48001910798,35132132958,4,2026-05-17T15:02:44+07:00
ANGe84fd290,2022,Hibah,Gaji,32158422359,13995623792,4,2026-05-17T15:02:44+07:00
ANGb2a7945e,2022,Hibah,Operasional,46595968626,26378847070,4,2026-05-17T15:02:44+07:00
ANG09c305fc,2022,Hibah,Penelitian,35085694554,17417533499,4,2026-05-17T15:02:44+07:00
ANGe9cdef9d,2022,Hibah,Investasi,37202652584,35928047289,4,2026-05-17T15:02:44+07:00
ANG1d4db115,2022,Hibah,PkM,35496747402,29524203902,4,2026-05-17T15:02:44+07:00
ANGf8f4df0a,2023,PNBP,Gaji,3181407511,2786283135,1,2026-05-17T15:02:44+07:00
ANG72183326,2023,PNBP,Operasional,27146997275,15458249294,1,2026-05-17T15:02:44+07:00
ANG73683f8d,2023,PNBP,Penelitian,41537250670,22047081155,1,2026-05-17T15:02:44+07:00
ANGa93fa703,2023,PNBP,Investasi,7874355176,4299421197,1,2026-05-17T15:02:44+07:00
ANG34b55d5d,2023,PNBP,PkM,22956281756,20877898563,1,2026-05-17T15:02:44+07:00
ANG9fe0442f,2023,APBN,Gaji,11660615502,5020521920,1,2026-05-17T15:02:44+07:00
ANG954e1509,2023,APBN,Operasional,38405560405,25260763831,1,2026-05-17T15:02:44+07:00
ANG77c8d743,2023,APBN,Penelitian,12401461110,5042824101,1,2026-05-17T15:02:44+07:00
ANGbfa19ad3,2023,APBN,Investasi,23380254979,13026548659,1,2026-05-17T15:02:44+07:00
ANG67d0cc92,2023,APBN,PkM,41092370483,22607687793,1,2026-05-17T15:02:44+07:00
ANG50846a30,2023,SBSN,Gaji,44277730582,23929524497,1,2026-05-17T15:02:44+07:00
ANG59e0c9a6,2023,SBSN,Operasional,46662589156,29156405220,1,2026-05-17T15:02:44+07:00
ANG89d219c2,2023,SBSN,Penelitian,19156537168,10796378647,1,2026-05-17T15:02:44+07:00
ANG1ed4e6f3,2023,SBSN,Investasi,22215638007,14624131728,1,2026-05-17T15:02:44+07:00
ANGab70e552,2023,SBSN,PkM,17169597069,13216293029,1,2026-05-17T15:02:44+07:00
ANGcbe8db77,2023,Hibah,Gaji,45849738707,21457343048,1,2026-05-17T15:02:44+07:00
ANGa0035173,2023,Hibah,Operasional,36275484125,23039828064,1,2026-05-17T15:02:44+07:00
ANG57b2762a,2023,Hibah,Penelitian,5265155497,2153057229,1,2026-05-17T15:02:44+07:00
ANGfd364697,2023,Hibah,Investasi,47548261104,42286709612,1,2026-05-17T15:02:44+07:00
ANGdcd96a16,2023,Hibah,PkM,48599039483,37213558375,1,2026-05-17T15:02:44+07:00
ANG8d3a3fc6,2023,PNBP,Gaji,46625263628,37343852276,2,2026-05-17T15:02:44+07:00
ANG0ccd2bb9,2023,PNBP,Operasional,26417262841,23585169474,2,2026-05-17T15:02:44+07:00
ANG19c0ac54,2023,PNBP,Penelitian,6109700977,4516808931,2,2026-05-17T15:02:44+07:00
ANG1dfddf45,2023,PNBP,Investasi,41089993836,21308017609,2,2026-05-17T15:02:44+07:00
ANGba7f684e,2023,PNBP,PkM,47095954388,43366437035,2,2026-05-17T15:02:44+07:00
ANG526ada58,2023,APBN,Gaji,4542645629,2301069164,2,2026-05-17T15:02:44+07:00
ANG85be9d13,2023,APBN,Operasional,12698286237,9839590667,2,2026-05-17T15:02:44+07:00
ANGb53200e2,2023,APBN,Penelitian,10693421724,10292731592,2,2026-05-17T15:02:44+07:00
ANGd9c4fb8b,2023,APBN,Investasi,16228495625,14281890204,2,2026-05-17T15:02:44+07:00
ANG46de0a31,2023,APBN,PkM,46083867553,26078949997,2,2026-05-17T15:02:44+07:00
ANG204a6344,2023,SBSN,Gaji,28371035327,27639827315,2,2026-05-17T15:02:44+07:00
ANG2e523505,2023,SBSN,Operasional,7211756170,2974948817,2,2026-05-17T15:02:44+07:00
ANGd89f97a7,2023,SBSN,Penelitian,8705743838,6637613931,2,2026-05-17T15:02:44+07:00
ANG574237d0,2023,SBSN,Investasi,47931874876,42823245513,2,2026-05-17T15:02:44+07:00
ANG122bff25,2023,SBSN,PkM,42979321522,27772889062,2,2026-05-17T15:02:44+07:00
ANGdae52c40,2023,Hibah,Gaji,13956604712,10887330855,2,2026-05-17T15:02:44+07:00
ANG28c00c81,2023,Hibah,Operasional,15858193569,13480926234,2,2026-05-17T15:02:44+07:00
ANG39e43060,2023,Hibah,Penelitian,15790475574,9970071604,2,2026-05-17T15:02:44+07:00
ANG04fa5a6f,2023,Hibah,Investasi,5644646071,4727178901,2,2026-05-17T15:02:44+07:00
ANG376a21ec,2023,Hibah,PkM,37153258936,20289514014,2,2026-05-17T15:02:44+07:00
ANG5db1d7eb,2023,PNBP,Gaji,28635456958,16540716808,3,2026-05-17T15:02:44+07:00
ANG6d078a83,2023,PNBP,Operasional,18633082063,8257490711,3,2026-05-17T15:02:44+07:00
ANG6415712b,2023,PNBP,Penelitian,4868684804,3786231787,3,2026-05-17T15:02:44+07:00
ANGda51f466,2023,PNBP,Investasi,28323397918,25355249847,3,2026-05-17T15:02:44+07:00
ANG8ddb294d,2023,PNBP,PkM,28458017088,13815088193,3,2026-05-17T15:02:44+07:00
ANGefb58286,2023,APBN,Gaji,12525803423,5723430153,3,2026-05-17T15:02:44+07:00
ANGabf19f7c,2023,APBN,Operasional,3466631804,2510342876,3,2026-05-17T15:02:44+07:00
ANGdf101a0f,2023,APBN,Penelitian,5094364362,2685328828,3,2026-05-17T15:02:44+07:00
ANG7fb0e774,2023,APBN,Investasi,48374518315,35719312511,3,2026-05-17T15:02:44+07:00
ANG96c4d7cf,2023,APBN,PkM,18653022234,7494297366,3,2026-05-17T15:02:44+07:00
ANG675d18e9,2023,SBSN,Gaji,42649148461,20091408971,3,2026-05-17T15:02:44+07:00
ANG5e5f07d8,2023,SBSN,Operasional,14300991033,11802449913,3,2026-05-17T15:02:44+07:00
ANG80000505,2023,SBSN,Penelitian,27752462288,19322210662,3,2026-05-17T15:02:44+07:00
ANGf6e53837,2023,SBSN,Investasi,2600201894,2516006974,3,2026-05-17T15:02:44+07:00
ANG06351ade,2023,SBSN,PkM,21565049222,14722362927,3,2026-05-17T15:02:44+07:00
ANG4c79d25e,2023,Hibah,Gaji,4940974248,3501780874,3,2026-05-17T15:02:44+07:00
ANG934469e7,2023,Hibah,Operasional,24393342888,12751300914,3,2026-05-17T15:02:44+07:00
ANG18972fb2,2023,Hibah,Penelitian,26880811716,20565781646,3,2026-05-17T15:02:44+07:00
ANG83be99c7,2023,Hibah,Investasi,22196028343,17220568229,3,2026-05-17T15:02:44+07:00
ANG0040e4cb,2023,Hibah,PkM,31067828081,15576450464,3,2026-05-17T15:02:44+07:00
ANG664174fc,2023,PNBP,Gaji,47705100048,22360707358,4,2026-05-17T15:02:44+07:00
ANG20e76aae,2023,PNBP,Operasional,33954559683,19487793853,4,2026-05-17T15:02:44+07:00
ANG24d28b3a,2023,PNBP,Penelitian,22407877979,11382581830,4,2026-05-17T15:02:44+07:00
ANG51e2dfef,2023,PNBP,Investasi,38739641060,21666999588,4,2026-05-17T15:02:44+07:00
ANG6dcb02de,2023,PNBP,PkM,27912195901,25102300701,4,2026-05-17T15:02:44+07:00
ANG46334852,2023,APBN,Gaji,9653875362,7914731582,4,2026-05-17T15:02:44+07:00
ANGe7553b69,2023,APBN,Operasional,39348041467,28721749814,4,2026-05-17T15:02:44+07:00
ANG28569769,2023,APBN,Penelitian,37092709568,30840381714,4,2026-05-17T15:02:44+07:00
ANG354890cf,2023,APBN,Investasi,34587885794,26402742269,4,2026-05-17T15:02:44+07:00
ANGc955cc2a,2023,APBN,PkM,23321743241,17803199871,4,2026-05-17T15:02:44+07:00
ANGb4f36c17,2023,SBSN,Gaji,10707468538,5369190107,4,2026-05-17T15:02:44+07:00
ANGa048120f,2023,SBSN,Operasional,25107828141,11603996110,4,2026-05-17T15:02:44+07:00
ANG40cd401b,2023,SBSN,Penelitian,17222748398,8121543011,4,2026-05-17T15:02:44+07:00
ANG2dcd6f67,2023,SBSN,Investasi,45878232572,44344405219,4,2026-05-17T15:02:44+07:00
ANG89fb8d12,2023,SBSN,PkM,15072831655,7844647646,4,2026-05-17T15:02:44+07:00
ANG8f6a7562,2023,Hibah,Gaji,32627485741,13966630977,4,2026-05-17T15:02:44+07:00
ANG86f446b6,2023,Hibah,Operasional,26446798548,21393342772,4,2026-05-17T15:02:44+07:00
ANG653f0185,2023,Hibah,Penelitian,37025416004,17583676469,4,2026-05-17T15:02:44+07:00
ANG112142a6,2023,Hibah,Investasi,21815817393,21063518973,4,2026-05-17T15:02:44+07:00
ANG5f2b34b3,2023,Hibah,PkM,41876226441,20558375778,4,2026-05-17T15:02:44+07:00
ANG03754238,2024,PNBP,Gaji,37918084607,19469613864,1,2026-05-17T15:02:44+07:00
ANG326c08aa,2024,PNBP,Operasional,48867685143,31957077202,1,2026-05-17T15:02:44+07:00
ANGe347efc6,2024,PNBP,Penelitian,28496227213,20409906551,1,2026-05-17T15:02:44+07:00
ANG80a8b2f1,2024,PNBP,Investasi,31671138935,29544205300,1,2026-05-17T15:02:44+07:00
ANG79b16b76,2024,PNBP,PkM,8850511645,6137168170,1,2026-05-17T15:02:44+07:00
ANGaf756a99,2024,APBN,Gaji,7396318403,3607254688,1,2026-05-17T15:02:44+07:00
ANG5ab67116,2024,APBN,Operasional,35911037767,34403279564,1,2026-05-17T15:02:44+07:00
ANG6e98ced7,2024,APBN,Penelitian,38251441229,29545376237,1,2026-05-17T15:02:44+07:00
ANG2067a916,2024,APBN,Investasi,34201609366,30745271553,1,2026-05-17T15:02:44+07:00
ANG2286eaac,2024,APBN,PkM,41479451208,31202239855,1,2026-05-17T15:02:44+07:00
ANG31491432,2024,SBSN,Gaji,6530405134,4769508328,1,2026-05-17T15:02:44+07:00
ANG93dd829b,2024,SBSN,Operasional,17145742916,14555905287,1,2026-05-17T15:02:44+07:00
ANG27d51533,2024,SBSN,Penelitian,2361904786,1431729928,1,2026-05-17T15:02:44+07:00
ANG957b1e59,2024,SBSN,Investasi,48200105934,28544511185,1,2026-05-17T15:02:44+07:00
ANGea8764f0,2024,SBSN,PkM,29040004283,22933800423,1,2026-05-17T15:02:44+07:00
ANG46348e4a,2024,Hibah,Gaji,32865117778,23964281329,1,2026-05-17T15:02:44+07:00
ANG0b2a5b1d,2024,Hibah,Operasional,49304607101,31028282320,1,2026-05-17T15:02:44+07:00
ANG4e7efb4a,2024,Hibah,Penelitian,18438380296,7568658088,1,2026-05-17T15:02:44+07:00
ANG10863ac1,2024,Hibah,Investasi,41892432171,22750667249,1,2026-05-17T15:02:44+07:00
ANGa7d2bf81,2024,Hibah,PkM,45921648543,19663794238,1,2026-05-17T15:02:44+07:00
ANGcc56edf8,2024,PNBP,Gaji,23436098240,16881847179,2,2026-05-17T15:02:44+07:00
ANGb0b341e5,2024,PNBP,Operasional,40577722277,37537273618,2,2026-05-17T15:02:44+07:00
ANGbe82c722,2024,PNBP,Penelitian,937254157,843369799,2,2026-05-17T15:02:44+07:00
ANG60703459,2024,PNBP,Investasi,36688722522,22298712079,2,2026-05-17T15:02:44+07:00
ANG71ace17b,2024,PNBP,PkM,48675757321,21417121326,2,2026-05-17T15:02:44+07:00
ANGf2f97f6e,2024,APBN,Gaji,38134222071,26747737804,2,2026-05-17T15:02:44+07:00
ANG2489d023,2024,APBN,Operasional,47779223717,31595394871,2,2026-05-17T15:02:44+07:00
ANG3d67d17b,2024,APBN,Penelitian,14200182984,10587248000,2,2026-05-17T15:02:44+07:00
ANG70e494a3,2024,APBN,Investasi,29512427934,14460109636,2,2026-05-17T15:02:44+07:00
ANG8c4672d6,2024,APBN,PkM,30710060042,17079920374,2,2026-05-17T15:02:44+07:00
ANG500d705e,2024,SBSN,Gaji,47713521720,27836461975,2,2026-05-17T15:02:44+07:00
ANG5b3b8a4b,2024,SBSN,Operasional,31290542946,20975062032,2,2026-05-17T15:02:44+07:00
ANGe1d21717,2024,SBSN,Penelitian,34000455510,31660551080,2,2026-05-17T15:02:44+07:00
ANGd08ce10c,2024,SBSN,Investasi,46081739760,40926769342,2,2026-05-17T15:02:44+07:00
ANG7d8b68b2,2024,SBSN,PkM,44869651417,21349615328,2,2026-05-17T15:02:44+07:00
ANGb5c894f3,2024,Hibah,Gaji,46751035439,27252451513,2,2026-05-17T15:02:44+07:00
ANGbfdf8f12,2024,Hibah,Operasional,12540226124,11652763168,2,2026-05-17T15:02:44+07:00
ANG1e23c60a,2024,Hibah,Penelitian,25964172688,16896018159,2,2026-05-17T15:02:44+07:00
ANG2c6560d9,2024,Hibah,Investasi,44885123203,23562347176,2,2026-05-17T15:02:44+07:00
ANG96521f43,2024,Hibah,PkM,14206049473,10163827549,2,2026-05-17T15:02:44+07:00
ANG5eb39984,2024,PNBP,Gaji,37970359213,32102568008,3,2026-05-17T15:02:44+07:00
ANG9d9b24c9,2024,PNBP,Operasional,22341651920,12640489965,3,2026-05-17T15:02:44+07:00
ANG27eec337,2024,PNBP,Penelitian,48475870025,36867916944,3,2026-05-17T15:02:44+07:00
ANGa8a8c134,2024,PNBP,Investasi,44104433380,29466933527,3,2026-05-17T15:02:44+07:00
ANG62a76056,2024,PNBP,PkM,35706350418,27470446683,3,2026-05-17T15:02:44+07:00
ANG0d7ebaf5,2024,APBN,Gaji,11243682972,10188458033,3,2026-05-17T15:02:44+07:00
ANGfbdf4632,2024,APBN,Operasional,37052079067,14868333357,3,2026-05-17T15:02:44+07:00
ANG976d4fee,2024,APBN,Penelitian,27265497478,13687313060,3,2026-05-17T15:02:44+07:00
ANG8a1f0d81,2024,APBN,Investasi,6375122543,3191450762,3,2026-05-17T15:02:44+07:00
ANG581486fd,2024,APBN,PkM,49875717721,31588438599,3,2026-05-17T15:02:44+07:00
ANG58cb0221,2024,SBSN,Gaji,17338251710,13262949500,3,2026-05-17T15:02:44+07:00
ANG67ecfdcc,2024,SBSN,Operasional,32294032351,30544934224,3,2026-05-17T15:02:44+07:00
ANGe77a3ba0,2024,SBSN,Penelitian,44100796814,40132310080,3,2026-05-17T15:02:44+07:00
ANG30b51019,2024,SBSN,Investasi,7906431620,6197426603,3,2026-05-17T15:02:44+07:00
ANG7f881b6d,2024,SBSN,PkM,15097081683,8106739759,3,2026-05-17T15:02:44+07:00
ANG41dbff2c,2024,Hibah,Gaji,29036392385,14823515871,3,2026-05-17T15:02:44+07:00
ANG5d4c834c,2024,Hibah,Operasional,3456874611,2794047370,3,2026-05-17T15:02:44+07:00
ANGb4228d66,2024,Hibah,Penelitian,1900348109,1196846148,3,2026-05-17T15:02:44+07:00
ANG57865605,2024,Hibah,Investasi,2055144031,1029150620,3,2026-05-17T15:02:44+07:00
ANG0c40577a,2024,Hibah,PkM,18537787572,16744236166,3,2026-05-17T15:02:44+07:00
ANG6217de18,2024,PNBP,Gaji,35769881350,30679874652,4,2026-05-17T15:02:44+07:00
ANG664de4a8,2024,PNBP,Operasional,19211309938,13072254020,4,2026-05-17T15:02:44+07:00
ANG092b5105,2024,PNBP,Penelitian,39869409914,38125770884,4,2026-05-17T15:02:44+07:00
ANGf4960c22,2024,PNBP,Investasi,44767970168,35672810876,4,2026-05-17T15:02:44+07:00
ANGeac1843b,2024,PNBP,PkM,48423068345,46573560751,4,2026-05-17T15:02:44+07:00
ANG86d199ae,2024,APBN,Gaji,14224381277,6891845438,4,2026-05-17T15:02:44+07:00
ANG41a382a5,2024,APBN,Operasional,29358313499,14425911353,4,2026-05-17T15:02:44+07:00
ANG7d3eeb87,2024,APBN,Penelitian,17475042760,16234049284,4,2026-05-17T15:02:44+07:00
ANGc465406c,2024,APBN,Investasi,12575008127,11587060705,4,2026-05-17T15:02:44+07:00
ANGab18b842,2024,APBN,PkM,9925370969,4759372144,4,2026-05-17T15:02:44+07:00
ANG1d88a5d0,2024,SBSN,Gaji,6391845106,4760179970,4,2026-05-17T15:02:44+07:00
ANGe806411b,2024,SBSN,Operasional,7518945941,3991835500,4,2026-05-17T15:02:44+07:00
ANGe0accca1,2024,SBSN,Penelitian,13011544894,11722345873,4,2026-05-17T15:02:44+07:00
ANGd5f0840a,2024,SBSN,Investasi,20004409843,13914130370,4,2026-05-17T15:02:44+07:00
ANGfd080298,2024,SBSN,PkM,16403185278,7452368861,4,2026-05-17T15:02:44+07:00
ANGd76247c6,2024,Hibah,Gaji,18645965362,16247781852,4,2026-05-17T15:02:44+07:00
ANGa0b9f556,2024,Hibah,Operasional,16252625687,8166998051,4,2026-05-17T15:02:44+07:00
ANG1b0f896c,2024,Hibah,Penelitian,4602883916,3648361005,4,2026-05-17T15:02:44+07:00
ANG25154f39,2024,Hibah,Investasi,21689885232,17356305444,4,2026-05-17T15:02:44+07:00
ANG2244ebb3,2024,Hibah,PkM,4378873781,3300489243,4,2026-05-17T15:02:44+07:00
ANGef092111,2025,PNBP,Gaji,30392845825,23548934041,1,2026-05-17T15:02:44+07:00
ANG013c8ee2,2025,PNBP,Operasional,41586780012,30932176405,1,2026-05-17T15:02:44+07:00
ANG4e54b0ab,2025,PNBP,Penelitian,33844560868,30168882305,1,2026-05-17T15:02:44+07:00
ANG705cb7eb,2025,PNBP,Investasi,49360654508,42444323327,1,2026-05-17T15:02:44+07:00
ANG71e585db,2025,PNBP,PkM,15493985180,13948307648,1,2026-05-17T15:02:44+07:00
ANG7f9c17ef,2025,APBN,Gaji,35040299004,22604761259,1,2026-05-17T15:02:44+07:00
ANG365150b4,2025,APBN,Operasional,1902573979,796588343,1,2026-05-17T15:02:44+07:00
ANGd6f11982,2025,APBN,Penelitian,29650702089,18180171466,1,2026-05-17T15:02:44+07:00
ANGe64bba89,2025,APBN,Investasi,42415922397,34627751871,1,2026-05-17T15:02:44+07:00
ANG12d6aee0,2025,APBN,PkM,14485537877,9672697251,1,2026-05-17T15:02:44+07:00
ANG860fdb01,2025,SBSN,Gaji,24601309900,13694487989,1,2026-05-17T15:02:44+07:00
ANG0adeac89,2025,SBSN,Operasional,9621779398,8978886842,1,2026-05-17T15:02:44+07:00
ANGc58db6c4,2025,SBSN,Penelitian,35695366504,23745273601,1,2026-05-17T15:02:44+07:00
ANG03d6ea97,2025,SBSN,Investasi,14027201283,11643202946,1,2026-05-17T15:02:44+07:00
ANG1d7f6b6f,2025,SBSN,PkM,39336510977,34172819575,1,2026-05-17T15:02:44+07:00
ANG0c7e8cf2,2025,Hibah,Gaji,14880595952,8626141335,1,2026-05-17T15:02:44+07:00
ANG97a271e9,2025,Hibah,Operasional,47434538154,22476060662,1,2026-05-17T15:02:44+07:00
ANG0fd0fb3b,2025,Hibah,Penelitian,13705892167,13267622501,1,2026-05-17T15:02:44+07:00
ANG1a1a5459,2025,Hibah,Investasi,29692988042,24731069726,1,2026-05-17T15:02:44+07:00
ANG0a53a556,2025,Hibah,PkM,3142594361,1405430154,1,2026-05-17T15:02:44+07:00
ANG7ff218d2,2025,PNBP,Gaji,39203611306,16933760110,2,2026-05-17T15:02:44+07:00
ANG1f6b3018,2025,PNBP,Operasional,32931196564,26440031904,2,2026-05-17T15:02:44+07:00
ANG4a26d3cd,2025,PNBP,Penelitian,18390522738,9932455946,2,2026-05-17T15:02:44+07:00
ANGa027f368,2025,PNBP,Investasi,2041341322,1641411614,2,2026-05-17T15:02:44+07:00
ANG02d6cc59,2025,PNBP,PkM,19292879099,16493521163,2,2026-05-17T15:02:44+07:00
ANG358df3a2,2025,APBN,Gaji,22480082671,12813621553,2,2026-05-17T15:02:44+07:00
ANG06710262,2025,APBN,Operasional,18160135390,11649939361,2,2026-05-17T15:02:44+07:00
ANG6de89531,2025,APBN,Penelitian,15447614588,11206566919,2,2026-05-17T15:02:44+07:00
ANG18eee49e,2025,APBN,Investasi,49345319458,39630891774,2,2026-05-17T15:02:44+07:00
ANGc1d377cb,2025,APBN,PkM,12383759202,8116052576,2,2026-05-17T15:02:44+07:00
ANG91ad5fd8,2025,SBSN,Gaji,21416896140,10020674447,2,2026-05-17T15:02:44+07:00
ANGd2559fb2,2025,SBSN,Operasional,46602148710,35704699813,2,2026-05-17T15:02:44+07:00
ANG02019775,2025,SBSN,Penelitian,38701411109,28972163126,2,2026-05-17T15:02:44+07:00
ANG9b40a96a,2025,SBSN,Investasi,27300624635,15401251587,2,2026-05-17T15:02:44+07:00
ANG6a72c0b6,2025,SBSN,PkM,42965672974,21769941837,2,2026-05-17T15:02:44+07:00
ANGc2f980a0,2025,Hibah,Gaji,36916498932,18798295795,2,2026-05-17T15:02:44+07:00
ANG2bddc5ed,2025,Hibah,Operasional,29416763798,22427371260,2,2026-05-17T15:02:44+07:00
ANG69821bd9,2025,Hibah,Penelitian,37408407148,31347164422,2,2026-05-17T15:02:44+07:00
ANG4434f0cb,2025,Hibah,Investasi,25463587921,14110964714,2,2026-05-17T15:02:44+07:00
ANGe6c9a07b,2025,Hibah,PkM,22431622308,15826968569,2,2026-05-17T15:02:44+07:00
ANGca7055f0,2025,PNBP,Gaji,24176463658,17338172918,3,2026-05-17T15:02:44+07:00
ANGae86a690,2025,PNBP,Operasional,21743952020,15114600301,3,2026-05-17T15:02:44+07:00
ANGfee9fe67,2025,PNBP,Penelitian,3686741051,1788183935,3,2026-05-17T15:02:44+07:00
ANGae17088e,2025,PNBP,Investasi,12474670919,11200161282,3,2026-05-17T15:02:44+07:00
ANG520c5ba0,2025,PNBP,PkM,15726651790,12021120200,3,2026-05-17T15:02:44+07:00
ANG665221a9,2025,APBN,Gaji,2477693729,1294086556,3,2026-05-17T15:02:44+07:00
ANG66722de5,2025,APBN,Operasional,35892186916,26522154442,3,2026-05-17T15:02:44+07:00
ANG50b44ed8,2025,APBN,Penelitian,23607666559,18074132908,3,2026-05-17T15:02:44+07:00
ANG31e5f3c3,2025,APBN,Investasi,20126381601,18186810964,3,2026-05-17T15:02:44+07:00
ANGd4dfbf6b,2025,APBN,PkM,3165493019,2701194770,3,2026-05-17T15:02:44+07:00
ANGfdccb35e,2025,SBSN,Gaji,33361150258,30813126040,3,2026-05-17T15:02:44+07:00
ANGacbdd801,2025,SBSN,Operasional,41090324575,28507619323,3,2026-05-17T15:02:44+07:00
ANG45a5b32d,2025,SBSN,Penelitian,40961243657,20362019327,3,2026-05-17T15:02:44+07:00
ANG36aba316,2025,SBSN,Investasi,25103810164,19300869419,3,2026-05-17T15:02:44+07:00
ANGcd55509a,2025,SBSN,PkM,45020778962,22260433927,3,2026-05-17T15:02:44+07:00
ANG96f1812a,2025,Hibah,Gaji,3551897153,2948126120,3,2026-05-17T15:02:44+07:00
ANGbd062a43,2025,Hibah,Operasional,33539525958,29235506067,3,2026-05-17T15:02:44+07:00
ANG7ebee30b,2025,Hibah,Penelitian,21697604816,17533242904,3,2026-05-17T15:02:44+07:00
ANG818a6346,2025,Hibah,Investasi,14755559926,11178651038,3,2026-05-17T15:02:44+07:00
ANG4913096a,2025,Hibah,PkM,17829947860,11557943801,3,2026-05-17T15:02:44+07:00
ANGe693f372,2025,PNBP,Gaji,30037228437,29068616272,4,2026-05-17T15:02:44+07:00
ANGd5dac66f,2025,PNBP,Operasional,39204010514,38419542706,4,2026-05-17T15:02:44+07:00
ANG9ccd73c7,2025,PNBP,Penelitian,10935691295,7753666565,4,2026-05-17T15:02:44+07:00
ANG5fb4c108,2025,PNBP,Investasi,8978542039,7095775600,4,2026-05-17T15:02:44+07:00
ANG6af6f1c6,2025,PNBP,PkM,21122865400,10105638536,4,2026-05-17T15:02:44+07:00
ANG2865ae1d,2025,APBN,Gaji,36327812289,34286574236,4,2026-05-17T15:02:44+07:00
ANG229e66bc,2025,APBN,Operasional,32304518034,29759356798,4,2026-05-17T15:02:44+07:00
ANGd977ede9,2025,APBN,Penelitian,35917469747,16018678941,4,2026-05-17T15:02:44+07:00
ANGcc53276c,2025,APBN,Investasi,36111196403,23614621452,4,2026-05-17T15:02:44+07:00
ANGd5315b97,2025,APBN,PkM,1810208767,1586068294,4,2026-05-17T15:02:44+07:00
ANG98743173,2025,SBSN,Gaji,8999929495,7733952806,4,2026-05-17T15:02:44+07:00
ANGdf245a6f,2025,SBSN,Operasional,23717056207,14238286505,4,2026-05-17T15:02:44+07:00
ANG066d2f07,2025,SBSN,Penelitian,30658456668,18347730861,4,2026-05-17T15:02:44+07:00
ANG9a5996e1,2025,SBSN,Investasi,15855647407,8558344989,4,2026-05-17T15:02:44+07:00
ANG9607c427,2025,SBSN,PkM,40420089466,20833951897,4,2026-05-17T15:02:44+07:00
ANG65090b19,2025,Hibah,Gaji,16550883785,10892979914,4,2026-05-17T15:02:44+07:00
ANG978657b3,2025,Hibah,Operasional,39241633836,30717837618,4,2026-05-17T15:02:44+07:00
ANG5fccf80a,2025,Hibah,Penelitian,27848055970,16954651164,4,2026-05-17T15:02:44+07:00
ANGa52efeb3,2025,Hibah,Investasi,33398421223,26043386822,4,2026-05-17T15:02:44+07:00
ANGfecb28b8,2025,Hibah,PkM,18826094059,8951432605,4,2026-05-17T15:02:44+07:00
